state,region,year,pop_fl_water,pop_cws,pop_cws_fl,rank
Alabama,South,2000,3699090,4452375,83.1,18
Alabama,South,2002,3786843,4477571,84.6,19
Alabama,South,2004,3972563,4517442,87.9,18
Alabama,South,2006,3814295,4599030,82.9,20
Alabama,South,2008,3834244,4661900,82.2,20
Alabama,South,2010,3821766,4779736,80,22
Alabama,South,2012,3812180,4849377,78.6,23
Alabama,South,2014,3812180,4849377,78.6,23
Alabama,South,2016,3367031,4314476,78,24
Alabama,South,2018,3388374,4345270,78,24
Alabama,South,2020,3469133,4467001,77.7,24
Alaska,West,2000,270099,489371,55.2,34
Alaska,West,2002,296559,517262,57.3,35
Alaska,West,2004,307205,516646,59.5,35
Alaska,West,2006,308801,519379,59.5,35
Alaska,West,2008,404213,643171,62.8,33
Alaska,West,2010,404039,643373,62.8,36
Alaska,West,2012,361240,682528,52.9,41
Alaska,West,2014,335555,680780,49.3,43
Alaska,West,2016,233192,469850,49.6,44
Alaska,West,2018,272280,548898,49.6,44
Alaska,West,2020,229789,545179,42.1,45
Arizona,West,2000,2700354,4869065,55.5,33
Arizona,West,2002,2737028,4944156,55.4,38
Arizona,West,2004,2890016,5183216,55.8,38
Arizona,West,2006,3147245,5611581,56.1,38
Arizona,West,2008,2891937,5540666,52.3,41
Arizona,West,2010,3114799,5493584,56.7,38
Arizona,West,2012,3199068,5536324,57.8,38
Arizona,West,2014,3199068,5536324,57.8,38
Arizona,West,2016,3868308,6694514,57.8,39
Arizona,West,2018,4028381,6942498,58,38
Arizona,West,2020,4011354,6948635,57.7,39
Arkansas,South,2000,1147109,2384311,48.1,39
Arkansas,South,2002,1516246,2430114,62.4,32
Arkansas,South,2004,1661599,2523490,65.8,32
Arkansas,South,2006,1648317,2561312,64.4,33
Arkansas,South,2008,1548556,2560592,60.5,35
Arkansas,South,2010,1724131,2666306,64.7,33
Arkansas,South,2012,1785679,2669485,66.9,33
Arkansas,South,2014,1973169,2808508,70.3,32
Arkansas,South,2016,2431541,2840231,85.6,20
Arkansas,South,2018,2448389,2867653,85.4,21
Arkansas,South,2020,2458935,2866138,85.8,20
California,West,2000,9551961,33238057,28.7,45
California,West,2002,9052872,32736317,27.7,45
California,West,2004,9241220,35841254,25.8,47
California,West,2006,9881390,36457549,27.1,48
California,West,2008,21545671,36756666,58.8,36
California,West,2010,22812721,36756666,62.1,37
California,West,2012,24215234,38041430,63.7,34
California,West,2014,24699693,38802500,63.7,34
California,West,2016,22201744,36641304,60.6,37
California,West,2018,22613284,38106418,59.3,37
California,West,2020,21879582,38051212,57.5,40
Colorado,West,2000,2680750,3670761,73,25
Colorado,West,2002,3036309,4029721,75.3,25
Colorado,West,2004,3058666,4167345,73.4,27
Colorado,West,2006,3085319,4190698,73.6,26
Colorado,West,2008,3456845,4894967,70.6,30
Colorado,West,2010,3523554,5029196,70.1,31
Colorado,West,2012,3757694,5187582,72.4,28
Colorado,West,2014,3963472,5355866,74,27
Colorado,West,2016,3893189,5197242,74.9,29
Colorado,West,2018,4040612,5396543,74.9,29
Colorado,West,2020,4123671,5480628,75.2,28
Connecticut,Northeast,2000,2398227,2701178,88.8,13
Connecticut,Northeast,2002,2378732,2680865,88.7,14
Connecticut,Northeast,2004,2393487,2691412,88.9,16
Connecticut,Northeast,2006,2393487,2691412,88.9,17
Connecticut,Northeast,2008,2381617,2650064,89.9,14
Connecticut,Northeast,2010,2370423,2604427,91,14
Connecticut,Northeast,2012,2350532,2603377,90.3,14
Connecticut,Northeast,2014,2409333,2690930,89.5,15
Connecticut,Northeast,2016,2421487,2704505,89.5,16
Connecticut,Northeast,2018,2431568,2715564,89.5,15
Connecticut,Northeast,2020,2473983,2736539,90.4,14
Delaware,South,2000,505747,624923,80.9,19
Delaware,South,2002,513889,635303,80.9,21
Delaware,South,2004,601584,819877,73.4,28
Delaware,South,2006,603207,819176,73.6,26
Delaware,South,2008,629375,819176,76.8,26
Delaware,South,2010,705344,818110,86.2,19
Delaware,South,2012,705824,818110,86.3,19
Delaware,South,2014,712420,818110,87.1,19
Delaware,South,2016,660276,755629,87.4,20
Delaware,South,2018,670879,781453,85.9,20
Delaware,South,2020,609473,801422,76,27
District of Columbia,South,2000,571042,571042,100,
District of Columbia,South,2002,578907,578907,100,
District of Columbia,South,2004,579720,579720,100,
District of Columbia,South,2006,595000,595000,100,
District of Columbia,South,2008,595000,595000,100,
District of Columbia,South,2010,595000,595000,100,
District of Columbia,South,2012,595000,595000,100,
District of Columbia,South,2014,595000,595000,100,
District of Columbia,South,2016,681170,681170,100,1
District of Columbia,South,2018,702455,702455,100,1
District of Columbia,South,2020,690093,690093,100,1
Florida,South,2000,9407494,15033574,62.6,31
Florida,South,2002,10964125,16277621,67.4,31
Florida,South,2004,12785007,16629082,76.9,24
Florida,South,2006,13006128,16729803,77.7,24
Florida,South,2008,13358020,17054168,78.3,23
Florida,South,2010,13377651,17156553,78,25
Florida,South,2012,13371262,17149724,78,24
Florida,South,2014,13302502,17151024,77.6,24
Florida,South,2016,14269078,18521077,77,26
Florida,South,2018,14566063,18714257,77.8,25
Florida,South,2020,14886493,18952021,78.5,23
Georgia,South,2000,6161139,6634635,92.9,8
Georgia,South,2002,6576072,7068046,93,9
Georgia,South,2004,8542998,8935151,95.6,6
Georgia,South,2006,8974302,9393941,95.8,5
Georgia,South,2008,9275167,9685744,95.8,5
Georgia,South,2010,8924598,9687653,92.1,11
Georgia,South,2012,9551793,9919945,96.3,6
Georgia,South,2014,9717858,10097343,96.2,6
Georgia,South,2016,8348197,8681891,96.2,6
Georgia,South,2018,8531824,8959918,95.2,7
Georgia,South,2020,8671136,9135654,94.9,7
Hawaii,West,2000,105737,1212113,8.7,50
Hawaii,West,2002,101992,1233249,8.3,50
Hawaii,West,2004,105489,1259299,8.4,50
Hawaii,West,2006,107684,1285498,8.4,50
Hawaii,West,2008,139344,1288198,10.8,50
Hawaii,West,2010,139598,1290549,10.8,50
Hawaii,West,2012,139598,1290549,10.8,50
Hawaii,West,2014,159935,1419516,11.3,50
Hawaii,West,2016,154360,1370079,11.3,51
Hawaii,West,2018,120106,1364632,8.8,51
Hawaii,West,2020,119044,1394816,8.5,51
Idaho,West,2000,383720,845780,45.4,41
Idaho,West,2002,262678,944060,27.8,44
Idaho,West,2004,278551,965819,28.8,46
Idaho,West,2006,316350,1011949,31.3,45
Idaho,West,2008,316176,1011975,31.2,45
Idaho,West,2010,335127,1099561,30.5,46
Idaho,West,2012,395863,1097332,36.1,46
Idaho,West,2014,388678,1218565,31.9,47
Idaho,West,2016,392745,1219353,32.2,48
Idaho,West,2018,422483,1334224,31.7,47
Idaho,West,2020,441664,1405388,31.4,47
Illinois,Midwest,2000,10453837,11192286,93.4,6
Illinois,Midwest,2002,11155359,11258192,99.1,2
Illinois,Midwest,2004,11384380,11484994,99.1,2
Illinois,Midwest,2006,11355747,11484994,98.9,2
Illinois,Midwest,2008,10962689,11488921,95.4,6
Illinois,Midwest,2010,11325132,11403176,99.3,3
Illinois,Midwest,2012,12682543,12875255,98.5,3
Illinois,Midwest,2014,12687788,12880580,98.5,3
Illinois,Midwest,2016,11474462,11648817,98.5,4
Illinois,Midwest,2018,11386618,11600611,98.2,4
Illinois,Midwest,2020,11457094,11640823,98.4,4
Indiana,Midwest,2000,4232907,4441502,95.3,4
Indiana,Midwest,2002,4222910,4418880,95.6,4
Indiana,Midwest,2004,4356325,4550287,95.7,5
Indiana,Midwest,2006,4327916,4550057,95.1,6
Indiana,Midwest,2008,4329107,4679082,94.5,8
Indiana,Midwest,2010,4326732,4582296,94.4,8
Indiana,Midwest,2012,4342273,44582496,94.8,8
Indiana,Midwest,2014,4388330,4582546,94.7,8
Indiana,Midwest,2016,4652921,4936187,94.3,8
Indiana,Midwest,2018,4615264,4996245,92.4,11
Indiana,Midwest,2020,4683083,5066252,92.4,11
Iowa,Midwest,2000,2181649,2390661,91.3,9
Iowa,Midwest,2002,2181649,2390661,91.3,12
Iowa,Midwest,2004,2373548,2558575,92.8,12
Iowa,Midwest,2006,2363277,2558575,92.4,12
Iowa,Midwest,2008,2329107,2559374,91.8,10
Iowa,Midwest,2010,2344818,2541455,92.3,10
Iowa,Midwest,2012,2555593,2778894,92,12
Iowa,Midwest,2014,2575373,2778151,92.7,12
Iowa,Midwest,2016,2280194,2526141,90.3,14
Iowa,Midwest,2018,2396677,2657024,90.2,14
Iowa,Midwest,2020,2409673,2684404,89.8,15
Kansas,Midwest,2000,1513306,2421274,62.5,32
Kansas,Midwest,2002,1558952,2509234,62.1,33
Kansas,Midwest,2004,1669657,2563505,65.1,33
Kansas,Midwest,2006,1669657,2563505,65.1,32
Kansas,Midwest,2008,1152217,2575758,44.7,42
Kansas,Midwest,2010,1155071,1775588,65.1,32
Kansas,Midwest,2012,1719503,2702452,63.6,35
Kansas,Midwest,2014,1707050,2689904,63.5,35
Kansas,Midwest,2016,1829273,2753541,66.4,34
Kansas,Midwest,2018,1799573,2762230,65.1,34
Kansas,Midwest,2020,1820664,2785355,65.4,34
Kentucky,South,2000,3235053,3367812,96,2
Kentucky,South,2002,3641324,3653971,99.7,1
Kentucky,South,2004,3665419,3672085,99.8,1
Kentucky,South,2006,4199519,4206074,99.8,1
Kentucky,South,2008,3913321,3937857,99.4,2
Kentucky,South,2010,4334223,4339367,99.9,1
Kentucky,South,2012,4375026,4380415,99.9,1
Kentucky,South,2014,4388383,4393871,99.9,1
Kentucky,South,2016,3753680,3758413,99.9,2
Kentucky,South,2018,4016850,4023426,99.8,2
Kentucky,South,2020,4050483,4055441,99.9,2
Louisiana,South,2000,2260349,4469529,50.6,38
Louisiana,South,2002,1909623,4470543,42.7,41
Louisiana,South,2004,1888629,4495706,42,43
Louisiana,South,2006,1731807,4287768,40.4,43
Louisiana,South,2008,1251996,4410796,28.3,47
Louisiana,South,2010,1846149,4533372,40.7,43
Louisiana,South,2012,1996568,4601893,43.4,45
Louisiana,South,2014,2056595,4649676,44.2,45
Louisiana,South,2016,1801324,4074943,44.2,46
Louisiana,South,2018,1627351,4169527,39,46
Louisiana,South,2020,1582811,4161676,38,46
Maine,Northeast,2000,466208,618033,75.4,22
Maine,Northeast,2002,465261,626962,74.2,26
Maine,Northeast,2004,501290,630136,79.6,22
Maine,Northeast,2006,501290,630136,79.6,22
Maine,Northeast,2008,504915,633761,79.7,22
Maine,Northeast,2010,521414,660367,79,24
Maine,Northeast,2012,527163,664063,79.4,22
Maine,Northeast,2014,524240,661140,79.3,21
Maine,Northeast,2016,610053,769362,79.3,23
Maine,Northeast,2018,533959,673397,79.3,23
Maine,Northeast,2020,544916,685410,79.5,22
Maryland,South,2000,4044392,5311695,76.1,21
Maryland,South,2002,4155824,4435145,93.7,8
Maryland,South,2004,4549055,4847653,93.8,11
Maryland,South,2006,4549055,4847653,93.8,10
Maryland,South,2008,4839490,4847653,99.8,1
Maryland,South,2010,5140618,5151947,99.8,2
Maryland,South,2012,5060379,5204155,97.2,4
Maryland,South,2014,5021283,5206520,96.4,5
Maryland,South,2016,4579173,4901590,93.4,10
Maryland,South,2018,4317542,4610160,93.7,9
Maryland,South,2020,4410410,4709311,93.7,9
Massachusetts,Northeast,2000,3484492,6362604,54.8,35
Massachusetts,Northeast,2002,3638178,6431247,56.6,37
Massachusetts,Northeast,2004,3648599,6435995,56.7,37
Massachusetts,Northeast,2006,3802732,6437193,59.1,36
Massachusetts,Northeast,2008,4248364,6497967,65.4,32
Massachusetts,Northeast,2010,4626859,6547629,70.7,29
Massachusetts,Northeast,2012,4681038,6646144,70.4,31
Massachusetts,Northeast,2014,4750952,6745408,70.4,31
Massachusetts,Northeast,2016,3621778,6256423,57.9,38
Massachusetts,Northeast,2018,3593419,6276435,57.3,39
Massachusetts,Northeast,2020,3691328,6385621,57.8,38
Michigan,Midwest,2000,6568151,7242531,90.7,11
Michigan,Midwest,2002,6198469,7193765,86.2,18
Michigan,Midwest,2004,6640284,7312080,90.8,14
Michigan,Midwest,2006,6664706,7335365,90.9,14
Michigan,Midwest,2008,6634800,7387236,89.8,15
Michigan,Midwest,2010,7322410,7996744,91.6,12
Michigan,Midwest,2012,7218670,7999859,90.2,15
Michigan,Midwest,2014,7519064,8201134,91.7,13
Michigan,Midwest,2016,6492531,7240436,89.7,15
Michigan,Midwest,2018,6605118,7379404,89.5,16
Michigan,Midwest,2020,6638231,7432372,89.3,16
Minnesota,Midwest,2000,3714465,3780942,98.2,1
Minnesota,Midwest,2002,3961639,4025050,98.4,3
Minnesota,Midwest,2004,3905754,3956573,98.7,3
Minnesota,Midwest,2006,3905754,3956659,98.7,3
Minnesota,Midwest,2008,4097816,4149298,98.8,3
Minnesota,Midwest,2010,4117266,4166424,98.8,4
Minnesota,Midwest,2012,4134663,4184753,98.8,2
Minnesota,Midwest,2014,4165301,4215391,98.8,2
Minnesota,Midwest,2016,4294393,4346035,98.8,3
Minnesota,Midwest,2018,4356770,4408195,98.8,3
Minnesota,Midwest,2020,4432008,4483603,98.8,3
Mississippi,South,2000,1227268,2665075,46.1,40
Mississippi,South,2002,1319709,2863091,46.1,40
Mississippi,South,2004,1459687,2892668,50.5,41
Mississippi,South,2006,1480601,2910540,50.9,41
Mississippi,South,2008,1603339,2938618,54.6,38
Mississippi,South,2010,1639348,2967297,55.2,40
Mississippi,South,2012,1738478,2984926,58.2,37
Mississippi,South,2014,1796005,2994079,60,37
Mississippi,South,2016,1548369,2539375,61,36
Mississippi,South,2018,1549996,2552607,60.7,36
Mississippi,South,2020,1542928,2527257,61.1,36
Missouri,Midwest,2000,3761525,5606532,67.1,27
Missouri,Midwest,2002,4425269,5680259,77.9,22
Missouri,Midwest,2004,3928100,4928689,79.7,21
Missouri,Midwest,2006,3928100,4928689,79.7,21
Missouri,Midwest,2008,3965831,4971878,79.8,21
Missouri,Midwest,2010,3966102,4966951,79.8,23
Missouri,Midwest,2012,3994342,5226360,76.4,26
Missouri,Midwest,2014,4010999,5226030,76.8,26
Missouri,Midwest,2016,3986715,5194390,76.8,27
Missouri,Midwest,2018,4007462,5299333,75.6,27
Missouri,Midwest,2020,3843523,5323578,72.2,30
Montana,West,2000,143092,645452,22.2,46
Montana,West,2002,166523,699098,23.8,46
Montana,West,2004,233880,794563,29.4,45
Montana,West,2006,248850,794563,31.3,45
Montana,West,2008,239365,796592,30,46
Montana,West,2010,233221,788805,29.6,47
Montana,West,2012,252299,788805,32,47
Montana,West,2014,265783,788805,33.7,46
Montana,West,2016,250037,742072,33.7,47
Montana,West,2018,229620,749018,30.7,48
Montana,West,2020,240294,765861,31.4,48
Nebraska,Midwest,2000,978518,1401923,69.8,26
Nebraska,Midwest,2002,983863,1414909,69.5,29
Nebraska,Midwest,2004,991292,1420624,69.8,30
Nebraska,Midwest,2006,991292,1420624,69.8,31
Nebraska,Midwest,2008,992733,1420624,69.9,31
Nebraska,Midwest,2010,1001665,1425929,70.2,30
Nebraska,Midwest,2012,1015094,1425664,71.2,30
Nebraska,Midwest,2014,1020092,1425664,71.6,29
Nebraska,Midwest,2016,1106087,1545849,71.6,31
Nebraska,Midwest,2018,1293907,1754837,73.7,30
Nebraska,Midwest,2020,1317170,1784114,73.8,29
Nevada,West,2000,1086420,1640169,66.2,28
Nevada,West,2002,1382746,1991524,69.4,30
Nevada,West,2004,1306914,1915508,68.2,31
Nevada,West,2006,1744984,2422152,72,30
Nevada,West,2008,1757184,2421488,72,29
Nevada,West,2010,1855460,2544079,72.9,28
Nevada,West,2012,1870698,2544079,73.5,27
Nevada,West,2014,1873848,2544079,73.7,28
Nevada,West,2016,2076200,2768047,75,28
Nevada,West,2018,2124516,2832273,75,28
Nevada,West,2020,2220915,2906645,76.4,26
New Hampshire,Northeast,2000,347007,807438,43,42
New Hampshire,Northeast,2002,345475,808749,42.7,42
New Hampshire,Northeast,2004,354659,832378,42.6,42
New Hampshire,Northeast,2006,354637,832656,42.6,42
New Hampshire,Northeast,2008,354637,832656,42.6,43
New Hampshire,Northeast,2010,357262,832631,42.9,42
New Hampshire,Northeast,2012,383333,832631,46,43
New Hampshire,Northeast,2014,406336,872864,46.6,44
New Hampshire,Northeast,2016,410339,883053,46.5,45
New Hampshire,Northeast,2018,396895,849619,46.7,45
New Hampshire,Northeast,2020,398698,863017,46.2,44
New Jersey,Northeast,2000,1120410,7208514,15.5,48
New Jersey,Northeast,2002,1628180,7840340,20.8,48
New Jersey,Northeast,2004,1693965,7839608,21.6,48
New Jersey,Northeast,2006,1771324,7839608,22.6,49
New Jersey,Northeast,2008,1120552,8221172,13.6,49
New Jersey,Northeast,2010,1111624,8221293,13.5,49
New Jersey,Northeast,2012,1206270,8288715,14.6,49
New Jersey,Northeast,2014,1206930,8288715,14.6,49
New Jersey,Northeast,2016,1159594,7963631,14.6,50
New Jersey,Northeast,2018,1291123,7947833,16.2,50
New Jersey,Northeast,2020,1333544,8279024,16.1,50
New Mexico,West,2000,1187404,1548084,76.7,20
New Mexico,West,2002,1200120,1567857,76.5,23
New Mexico,West,2004,1207034,1567857,77,23
New Mexico,West,2006,1207034,1567857,77,25
New Mexico,West,2008,1210777,1571600,77,25
New Mexico,West,2010,1210777,1571600,77,26
New Mexico,West,2012,1210877,1571600,77,25
New Mexico,West,2014,1210877,1571600,77,25
New Mexico,West,2016,1367330,1774661,77,25
New Mexico,West,2018,1381128,1801817,76.7,26
New Mexico,West,2020,1398194,1820853,76.8,25
New York,Northeast,2000,14184047,19000135,74.7,23
New York,Northeast,2002,12732076,17458327,72.9,28
New York,Northeast,2004,12737950,17471590,72.9,29
New York,Northeast,2006,12733582,17471590,72.9,29
New York,Northeast,2008,12635191,17501433,72.2,28
New York,Northeast,2010,14468141,19378102,74.7,27
New York,Northeast,2012,12989488,18094452,71.8,29
New York,Northeast,2014,12934585,18106193,71.4,30
New York,Northeast,2016,12655170,17660481,71.7,30
New York,Northeast,2018,12200464,17074791,71.5,32
New York,Northeast,2020,12596165,17610152,71.5,31
North Carolina,South,2000,4862220,5837936,83.3,17
North Carolina,South,2002,5259171,6217936,84.6,19
North Carolina,South,2004,5689906,6498294,87.6,18
North Carolina,South,2006,5689906,6498294,87.6,18
North Carolina,South,2008,5562402,6498294,85.6,17
North Carolina,South,2010,6174598,7072012,87.3,17
North Carolina,South,2012,6164847,7042655,87.5,18
North Carolina,South,2014,6067182,6907674,87.8,18
North Carolina,South,2016,5814174,6631229,87.7,19
North Carolina,South,2018,6915858,7894251,87.6,18
North Carolina,South,2020,6985222,7950174,87.9,18
North Dakota,Midwest,2000,531738,557595,95.4,3
North Dakota,Midwest,2002,551668,577253,95.6,5
North Dakota,Midwest,2004,549029,572946,95.8,4
North Dakota,Midwest,2006,552785,574346,96.2,4
North Dakota,Midwest,2008,557291,577894,96.4,4
North Dakota,Midwest,2010,559246,577325,96.9,5
North Dakota,Midwest,2012,612560,633645,96.7,5
North Dakota,Midwest,2014,616946,637796,96.7,4
North Dakota,Midwest,2016,672662,702333,95.8,7
North Dakota,Midwest,2018,688710,713531,96.5,5
North Dakota,Midwest,2020,705703,731260,96.5,5
Ohio,Midwest,2000,8355002,9535188,87.6,14
Ohio,Midwest,2002,8604125,9783785,87.9,16
Ohio,Midwest,2004,8882263,10021630,88.6,17
Ohio,Midwest,2006,8948975,10021630,89.3,16
Ohio,Midwest,2008,8579976,10197583,84.1,19
Ohio,Midwest,2010,8772683,10005412,87.7,16
Ohio,Midwest,2012,9716289,10537957,92.2,11
Ohio,Midwest,2014,9790109,10557092,92.7,11
Ohio,Midwest,2016,9042076,9771921,92.5,11
Ohio,Midwest,2018,9083082,9816237,92.5,10
Ohio,Midwest,2020,9177890,9901174,92.7,10
Oklahoma,South,2000,2523799,3454508,73.1,24
Oklahoma,South,2002,2475081,3388256,73,27
Oklahoma,South,2004,2493521,3392725,73.5,26
Oklahoma,South,2006,2493521,3392725,73.5,28
Oklahoma,South,2008,2741327,3642361,75.3,27
Oklahoma,South,2010,2296459,3547668,64.7,33
Oklahoma,South,2012,2486718,3548057,70.1,32
Oklahoma,South,2014,2231658,3564183,62.6,36
Oklahoma,South,2016,2499519,3593399,69.6,32
Oklahoma,South,2018,2417819,3583323,67.5,33
Oklahoma,South,2020,2447980,3600546,68,33
Oregon,West,2000,440903,2562708,17.2,47
Oregon,West,2002,522930,2851160,19.4,49
Oregon,West,2004,559559,2973945,18.8,49
Oregon,West,2006,839727,3069204,27.4,47
Oregon,West,2008,838902,3068579,27.4,48
Oregon,West,2010,833227,3688540,22.6,48
Oregon,West,2012,833557,3688540,22.6,48
Oregon,West,2014,833557,3688540,22.6,48
Oregon,West,2016,778590,3445307,22.6,49
Oregon,West,2018,930527,3533823,26.3,49
Oregon,West,2020,944045,3576686,26.4,49
Pennsylvania,Northeast,2000,5825328,10750095,54.2,36
Pennsylvania,Northeast,2002,5409063,10398150,52,39
Pennsylvania,Northeast,2004,5610873,10390234,54,40
Pennsylvania,Northeast,2006,5610873,10390234,54,40
Pennsylvania,Northeast,2008,5805181,10699115,54.3,39
Pennsylvania,Northeast,2010,5802260,10636421,54.6,41
Pennsylvania,Northeast,2012,5885390,10780146,54.6,40
Pennsylvania,Northeast,2014,5882330,10780146,54.6,41
Pennsylvania,Northeast,2016,5138572,9417111,54.6,42
Pennsylvania,Northeast,2018,5203809,9335064,55.7,42
Pennsylvania,Northeast,2020,5680881,9468135,60,37
Rhode Island,Northeast,2000,842797,989786,85.1,16
Rhode Island,Northeast,2002,943684,1068568,88.3,15
Rhode Island,Northeast,2004,827060,977458,84.6,20
Rhode Island,Northeast,2006,826863,977261,84.6,19
Rhode Island,Northeast,2008,826863,977261,84.6,18
Rhode Island,Northeast,2010,853580,1000413,85.3,20
Rhode Island,Northeast,2012,837549,997824,83.9,20
Rhode Island,Northeast,2014,842987,997824,84.5,20
Rhode Island,Northeast,2016,796730,943071,84.5,22
Rhode Island,Northeast,2018,785748,944353,83.2,22
Rhode Island,Northeast,2020,809308,979110,82.7,21
South Carolina,South,2000,3086974,3383434,91.2,10
South Carolina,South,2002,3108206,3400189,91.4,11
South Carolina,South,2004,3233913,3425056,94.6,10
South Carolina,South,2006,3355873,3545617,94.6,9
South Carolina,South,2008,3401207,3722944,94.4,9
South Carolina,South,2010,3434565,3944594,87.1,18
South Carolina,South,2012,3602956,3839526,93.8,9
South Carolina,South,2014,3468425,3706859,93.6,10
South Carolina,South,2016,3404278,3725371,91.4,12
South Carolina,South,2018,3543429,3855997,91.9,12
South Carolina,South,2020,3567836,3891342,91.7,12
South Dakota,Midwest,2000,539626,626221,86.2,15
South Dakota,Midwest,2002,600643,686113,97.5,17
South Dakota,Midwest,2004,646986,681297,95,8
South Dakota,Midwest,2006,657022,691333,95,7
South Dakota,Midwest,2008,640871,686502,93.3,11
South Dakota,Midwest,2010,642942,678028,94.8,7
South Dakota,Midwest,2012,646671,690759,93.6,10
South Dakota,Midwest,2014,646671,690759,93.6,9
South Dakota,Midwest,2016,734542,785109,93.6,9
South Dakota,Midwest,2018,706191,753308,93.7,8
South Dakota,Midwest,2020,710136,757461,93.8,8
Tennessee,South,2000,4749493,5025998,94.5,5
Tennessee,South,2002,5019967,5335413,94.1,6
Tennessee,South,2004,4981945,5231323,95.2,7
Tennessee,South,2006,4889987,5220410,93.7,11
Tennessee,South,2008,5268629,5762029,91.4,12
Tennessee,South,2010,5336600,5827549,91.6,12
Tennessee,South,2012,5229461,5826866,89.7,16
Tennessee,South,2014,5103368,5789624,88.1,17
Tennessee,South,2016,5382302,6087058,88.4,17
Tennessee,South,2018,5470615,6160242,88.8,17
Tennessee,South,2020,5592155,6296831,88.8,17
Texas,South,2000,11868046,18072680,65.7,29
Texas,South,2002,16409892,21762430,75.4,24
Texas,South,2004,16448786,21512764,76.5,25
Texas,South,2006,16979975,21731824,78.1,23
Texas,South,2008,16979812,21891651,78.6,24
Texas,South,2010,19362219,24080084,80.4,21
Texas,South,2012,20002506,25113656,79.6,21
Texas,South,2014,19645292,24869812,79,22
Texas,South,2016,17017307,25158299,67.6,33
Texas,South,2018,19861964,27327755,72.7,31
Texas,South,2020,19743163,27818869,71,32
Utah,West,2000,38300,2243490,17.5,50
Utah,West,2002,508792,2325921,21.9,47
Utah,West,2004,1232780,2242897,55,39
Utah,West,2006,1216980,2242897,54.3,39
Utah,West,2008,1217240,2243157,54.3,39
Utah,West,2010,918473,2763885,33.2,45
Utah,West,2012,1384638,2676448,51.7,42
Utah,West,2014,1382188,2672278,51.7,42
Utah,West,2016,1578107,2995452,52.7,43
Utah,West,2018,1614982,3096343,52.2,43
Utah,West,2020,1637472,3214451,50.9,43
Vermont,Northeast,2000,240579,443901,54.2,37
Vermont,Northeast,2002,310077,507935,61,34
Vermont,Northeast,2004,310953,529441,58.7,36
Vermont,Northeast,2006,310953,529441,58.7,37
Vermont,Northeast,2008,308051,527051,58.5,37
Vermont,Northeast,2010,256006,452116,56.6,39
Vermont,Northeast,2012,252920,450483,56.1,39
Vermont,Northeast,2014,253548,450710,56.3,40
Vermont,Northeast,2016,249073,443316,56.2,41
Vermont,Northeast,2018,214896,382403,56.2,41
Vermont,Northeast,2020,221018,392292,56.3,41
Virginia,South,2000,5677551,6085436,93.3,7
Virginia,South,2002,5410203,5766757,93.8,7
Virginia,South,2004,5826031,6135133,95,9
Virginia,South,2006,5830328,6135847,95,7
Virginia,South,2008,5972601,6295305,94.9,7
Virginia,South,2010,6124274,6403141,95.6,6
Virginia,South,2012,6159737,6416760,96,7
Virginia,South,2014,6166729,6429902,95.9,7
Virginia,South,2016,6428007,6677652,96.3,5
Virginia,South,2018,6675987,6934535,96.3,6
Virginia,South,2020,6713205,7027639,95.5,6
Washington,West,2000,2421410,5912036,41,43
Washington,West,2002,3082178,5382486,57.3,36
Washington,West,2004,3542948,5628782,62.9,34
Washington,West,2006,3542948,5628782,62.9,34
Washington,West,2008,3461572,5545595,62.4,34
Washington,West,2010,3490031,5402328,64.6,35
Washington,West,2012,3515797,5525840,63.6,35
Washington,West,2014,3530835,5525840,63.9,33
Washington,West,2016,3962936,6201066,63.9,35
Washington,West,2018,4128148,6459585,63.9,35
Washington,West,2020,4304476,6616621,65.1,35
West Virginia,South,2000,891851,1365410,65.3,10
West Virginia,South,2002,1264844,1381875,91.5,10
West Virginia,South,2004,1247301,1360193,91.7,13
West Virginia,South,2006,1247301,1360193,91.7,13
West Virginia,South,2008,1209238,1334504,90.6,13
West Virginia,South,2010,1208015,1307369,92.4,9
West Virginia,South,2012,1365697,1499749,91.1,13
West Virginia,South,2014,1367215,1509995,90.5,14
West Virginia,South,2016,1301998,1442417,90.3,13
West Virginia,South,2018,1290637,1422373,90.7,13
West Virginia,South,2020,1277174,1409744,90.9,13
Wisconsin,Midwest,2000,3108738,3481285,89.3,12
Wisconsin,Midwest,2002,3464039,3873568,89.4,13
Wisconsin,Midwest,2004,3471706,3868775,89.7,15
Wisconsin,Midwest,2006,3471706,3868775,89.7,15
Wisconsin,Midwest,2008,3471706,3868775,89.7,16
Wisconsin,Midwest,2010,3300037,3755613,87.9,15
Wisconsin,Midwest,2012,3597525,4025756,89.4,17
Wisconsin,Midwest,2014,3579100,4025387,88.9,16
Wisconsin,Midwest,2016,3625881,4107306,88.3,18
Wisconsin,Midwest,2018,3670473,4203809,87.3,19
Wisconsin,Midwest,2020,3695850,4260757,86.7,19
Wyoming,West,2000,146756,494166,29.7,44
Wyoming,West,2002,159770,435498,36.7,43
Wyoming,West,2004,162396,446323,36.4,44
Wyoming,West,2006,162396,446323,36.4,44
Wyoming,West,2008,165296,449223,36.8,44
Wyoming,West,2010,165296,449223,36.8,44
Wyoming,West,2012,195891,449223,43.6,44
Wyoming,West,2014,256350,449223,57.1,39
Wyoming,West,2016,266465,466949,57.1,40
Wyoming,West,2018,262712,460371,57.1,40
Wyoming,West,2020,255654,459997,55.6,42
